<core:FragmentDefinition   xmlns="sap.m"  xmlns:core="sap.ui.core" 
xmlns:viz="sap.viz.ui5.controls"
 xmlns:viz.data="sap.viz.ui5.data" xmlns:viz.feeds="sap.viz.ui5.controls.common.feeds"
	>
   <Dialog title="Line Graph" draggable="true" resizable="true" contentWidth="900px" 
   contentHeight="400px" >
   		<App>
			<pages>
				<Page title="Line Graph">
					<content>
   	 <viz:VizFrame id="idVizFrame" uiConfig="{applicationSet:'fiori'}"
                height='100%' width="100%" vizType='line'>
                <viz:dataset>
                    <viz.data:FlattenedDataset data="{l1>/}">
                        <viz.data:dimensions>
                            <viz.data:DimensionDefinition name="ProductID"
                                value="{l1>ProductID}" />
                        </viz.data:dimensions>
                        <viz.data:measures>
                            <viz.data:MeasureDefinition name="Price"
                                value="{l1>Price}" />
                           <!-- <viz.data:MeasureDefinition name="Cost"
                                value="{Cost}" />-->
                        </viz.data:measures>
                    </viz.data:FlattenedDataset>
                </viz:dataset>

                <viz:feeds>
                    <viz.feeds:FeedItem id='valueAxisFeed' uid="valueAxis" type="Measure"
                        values="Price" />
                    <viz.feeds:FeedItem uid="categoryAxis" type="Dimension"
                        values="ProductID" />
                </viz:feeds>
            </viz:VizFrame>
   	
   	</content>
				</Page>
			</pages>
		</App>
   	
   	<beginButton>
   		<Button text="Close" press="_closeLineGraph"/>
   	</beginButton>
   </Dialog>
</core:FragmentDefinition>